channel,first_click,last_click,linear,time_decay,position_based,markov,shapley
organic_search,0.35797665369649806,0.23855133193654596,0.27100517295069826,0.27051747312450714,0.28837526070989106,0.25959692457827027,0.0
other,0.1978449565998204,0.27327147560610593,0.253982064196072,0.2543526483147437,0.24208368371792496,0.24414536633083236,0.0
referral,0.16970966776414248,0.26608799760550733,0.23545859674264347,0.2362704119019547,0.22407707510820352,0.23391792296771693,0.0
direct,0.22837473810236456,0.2128105357677342,0.21600366775464053,0.21547903977566915,0.2194680330477996,0.2251519065420917,0.0
paid_search,0.0460939838371745,0.009278659084106555,0.02355049835594583,0.023380426883125322,0.025995947416180883,0.03718787958108878,0.0
